Workbook

Sheet Excavacion
C3: Se necesita realizar una excavación para la instalación de un cable eléctrico, la sección de la excavación es de 0,4 m x 1,2 m.
C4: y en una longitud de 50 m., en terreno calificado como blando.
C6: Para esta actividad se cuenta con el siguiente recurso:
C8: - 2 jornales ($18.000/HD c/u)
C9: - El rendimiento de un Jornal excavando a mano en terreno blando es de 3 m3/HD.
C11: Debido a consideraciones constructivas en la instalación del cable electico se deberá
C12: considerar la necesidad de aumentar el ancho de la zanja de 0.4 m. a 0.6 m.
C14: - Cantidad teórica a excavar: | F14: =0.4*1.2*50 -> 24 | G14: m3
C15: - Cantidad real a excavar: | F15: =0.6*1.2*50 -> 36 | G15: m3
C17: De acuerdo al Itemizado entregado nos pagaran por la cantidad teórica
C18: Sin embargo, el trabajo a realizar será mayor y por supuesto su costo mayor
C20: Considerando la cantidad real:
D22: rendimiento cuadrilla | F22: 2 Jornales | G22: x 3 m3/HD | H22: =2*3 -> 6 | I22: m3/día
D23: Dias de Trabajo para hacer el trabajo | H23: =+F15/H22 -> 6 | I23: dias
D24: Cantidad de HD necesarios | H24: =+H23*2 -> 12 | I24: HD
D26: Por lo tanto, se debe considerar que nos pagaran por la cantidad teórica
D28: Rendimiento unitario del recurso Jornal | H28: =+F14/H24 -> 2 | I28: m3/HD
D29: Los HD necesarios por m3 teórico excavado es | H29: =1/H28 -> 0.5 | I29: HD/m3
C31: El Precio Unitario será:
D33: Recurso | E33: Rendimiento | G33: Valor Insumo | I33: P/U
D34: Jornal | E34: 0.5 | F34: HD/m3 | G34: 18000 | H34: $/HD | I34: =+E34*G34 -> 9000 | J34: $/m3
C36: Precio Total
D37: P/U | F37: Cantidad | H37: P/T
D38: =+I34 -> 9000 | E38: $/m3 x | F38: =+F14 -> 24 | G38: m3 | H38: =+F38*D38 -> 216000 | I38: $
C40: Cantidad de Recursos incluido en Precio Total
D42: Rendimiento | F42: Cantidad | H42: Total Insumos
D43: 0.5 | E43: HD/m3 x | F43: =+F38 -> 24 | G43: m3 | H43: =+D43*F43 -> 12 | I43: HD Jornal
H44: (que corresponde al real ocupado)

Sheet Instalacion Cable
C3: Una vez terminada la excavación se procederá con la instalación del cable eléctrico.
C5: Para esta actividad se cuenta con los siguientes recursos:
C7: - Un Maestro 1ra. ($30.000/HD)
C8: - Un Ayudante ($21.000/HD)
C9: - Cable eléctrico ($5.000/ml)
C11: La cuadrilla considerada instala la tubería en tres dias.
C13: En el suministro del cable eléctrico deberá considerarse una pérdida del 6%.
C15: En este caso, que puede ser por razones constructivas, la duración esta impuesta a 3 dias
C17: Por lo tanto, el rendimiento de la cuadrilla es: | G17: =50/3 -> 16.666667 | H17: ml/día
C19: El rendimiento unitario por unidad de la actividad: | G19: =1/G17 -> 0.06 | H19: Cuadrilla/ml
C21: Por lo tanto:
D22: Mano de Obra
D23: Recurso | E23: Rendimiento | G23: Valor Insumo | I23: P/U
D24: Maestro 1ra. | E24: =+G19 -> 0.06 | F24: HD/ml | G24: 30000 | H24: $/HD | I24: =+E24*G24 -> 1800 | J24: $/ml
D25: Ayudante | E25: =+E24 -> 0.06 | F25: =+F24 -> HD/ml | G25: 21000 | H25: =+H24 -> $/HD | I25: =+E25*G25 -> 1260 | J25: =+J24 -> $/ml
H26: Total MO | I26: =+I25+I24 -> 3060 | J26: =+J25 -> $/ml
D28: Materiales
D29: En este caso debemos asegurarnos que en el precio quede incluido el 6% adicional de cable
D31: Recurso | E31: Rendimiento | G31: Perdida | H31: Valor Insumo | J31: P/U
D32: Cable elect. | E32: 1 | F32: ml/ml | G32: 1.06 | H32: 5000 | I32: $/ml | J32: =+E32*G32*H32 -> 5300 | K32: $/ml
H34: Precio Unit. Total | J34: =+J32+I26 -> 8360 | K34: $/ml
C36: Precio Total
D37: P/U | F37: Cantidad | H37: P/T
D38: =+J34 -> 8360 | E38: =+K34 -> $/ml | F38: 50 | H38: =+F38*D38 -> 418000 | I38: $
C40: Cantidad de Recursos incluido en Precio Total
D42: Rendimiento | F42: Cantidad | H42: Total Insumos
C43: =+D24 -> Maestro 1ra. | D43: =+E24 -> 0.06 | E43: =+F24 -> HD/ml | F43: 50 | G43: ml | H43: =+F43*D43 -> 3 | I43: HD
C44: =+D25 -> Ayudante | D44: =+E25 -> 0.06 | E44: =+F25 -> HD/ml | F44: 50 | G44: ml | H44: =+F44*D44 -> 3 | I44: HD
C45: =+D32 -> Cable elect. | D45: =+E32*G32 -> 1.06 | E45: =+F32 -> ml/ml | F45: 50 | G45: ml | H45: =+F45*D45 -> 53 | I45: ml

Sheet Relleno
C3: Una vez instalada la tubería dentro de la excavación se deberá rellenar con el mismo
C4: material de la excavación.
C6: - Un Maestro 2da. (operador del equipo de compactación) ($25.000/HD)
C7: - 2 jornales para el relleno ($18.000/HD c/u)
C8: - Un equipo compactador manual ($100.000/semana), este precio incluye combustible y mantención.
C10: Se estima que, con estos recursos, la actividad demora 4 dias.
C11: Despreciar el volumen del cable eléctrico.
C13: En este caso, al igual que el anterior, por razones exógenas a la actividad misma se impone una duración de 4 dias.
C15: Por lo tanto:
D16: Rendimiento de la Cuadrilla: | G16: =24/4 -> 6 | H16: m3/día cuadrilla | J16: (Nótese que usamos la cantidad teórica ya que es la cantidad que se pagara)
D17: Rendimiento recurso MO: | I17: Cantidad | J17: Total Rend. Unitario
E18: Maestro 2da. | G18: =1/G16 -> 0.16666667 | H18: HD/m3 | I18: 1 | J18: =+I18*G18 -> 0.16666667 | K18: HD M2da./m3
E19: Jornal | G19: =+G18 -> 0.16666667 | H19: =+H18 -> HD/m3 | I19: 2 | J19: =+I19*G19 -> 0.33333333 | K19: HD Jornal/m3
D20: Mano de Obra
D21: Recurso | E21: Rendimiento | G21: Valor Insumo | I21: P/U
D22: =+E18 -> Maestro 2da. | E22: =+J18 -> 0.16666667 | F22: HD/m3 | G22: 25000 | H22: $/HD | I22: =+G22*E22 -> 4166.6667 | J22: $/m3
D23: =+E19 -> Jornal | E23: =+J19 -> 0.33333333 | F23: HD/m3 | G23: 18000 | H23: $/HD | I23: =+G23*E23 -> 6000 | J23: $/m3
H24: Total P/U | I24: =+I23+I22 -> 10166.667 | J24: $/m3
D26: Equipo
E27: El equipo de ocupara por 4 dias, por lo tanto:
D29: Recurso | E29: Rendimiento | G29: Valor Insumo | I29: P/U
D30: Compactador | E30: =+G19 -> 0.16666667 | F30: día/m3 | G30: =100000/7 -> 14285.714 | H30: $/día | I30: =+G30*E30 -> 2380.9524 | J30: $/m3
H33: Total P/U | I33: =+I30+I24 -> 12547.619 | J33: $/m3
H35: Total P/T | I35: =+I33*24 -> 301142.86 | J35: =+J33 -> $/m3
D37: Cantidad de Recursos incluido en Precio Total
E39: Rendimiento | G39: Cantidad | I39: Total Insumos
D40: =+D22 -> Maestro 2da. | E40: =+E22 -> 0.16666667 | F40: =+F22 -> HD/m3 | G40: 24 | H40: m3 | I40: =+G40*E40 -> 4 | J40: HD
D41: =+D23 -> Jornal | E41: =+E23 -> 0.33333333 | F41: =+F40 -> HD/m3 | G41: 24 | H41: m3 | I41: =+G41*E41 -> 8 | J41: HD
D42: =+D30 -> Compactador | E42: =+E30 -> 0.16666667 | F42: =+F30 -> día/m3 | G42: 24 | H42: m3 | I42: =+G42*E42 -> 4 | J42: dias

Sheet Presupuesto Inicial
C2: Obra: Instalación Cable electico
C4: Ítem | D4: Descripción | E4: Unidad | F4: Cantidad | G4: P/U | H4: P/T | I4: Duración (dias)
C6: 1 | D6: Excavación | E6: m3 | F6: 24 | G6: =+Excavacion!I34 -> 9000 | H6: =+F6*G6 -> 216000 | I6: =+Excavacion!H23 -> 6
C7: 2 | D7: Instalación Tubería | E7: ml | F7: 50 | G7: =+'Instalacion Cable'!J34 -> 8360 | H7: =+F7*G7 -> 418000 | I7: 3
C8: 3 | D8: Relleno | E8: m3 | F8: 24 | G8: =+Relleno!I33 -> 12547.619 | H8: =+F8*G8 -> 301142.86 | I8: 4
C9: 4 | D9: Prueba y Terminación | E9: Gl | F9: 1 | G9: =18000*2+30000*2 -> 96000 | H9: =+F9*G9 -> 96000 | I9: 2
G10: Total | H10: =SUM(H6:H9) -> 1031142.9 | I10: =SUM(I6:I9) -> 15
C13: Consumo de Insumos | J13: Incidencia de Insumos
C15: Mano de Obra
C17: Descripción | D17: Cantidad | E17: Unidad | F17: P/U | H17: P/T | J17: Descripción | K17: Cantidad | L17: Unidad | M17: P/U | O17: P/T | P17: % Parcial | Q17: % Acum.
C19: Maestro 1ra | D19: 5 | E19: HD | F19: 30000 | G19: $/HD | H19: =+D19*F19 -> 150000 | J19: =+C22 -> Jornal | K19: =+D22 -> 22 | L19: =+E22 -> HD | M19: =+F22 -> 18000 | N19: =+G22 -> $/HD | O19: =+H22 -> 396000 | P19: =+O19/$O$26 -> 0.3840399 | Q19: =+P19 -> 0.3840399
C20: Maestro 2da | D20: =+Relleno!I40 -> 4 | E20: HD | F20: 25000 | G20: $/HD | H20: =+D20*F20 -> 100000 | J20: =+C27 -> Cable | K20: =+D27 -> 53 | L20: =+E27 -> ml | M20: =+F27 -> 5000 | N20: =+G27 -> $/ml | O20: =+H27 -> 265000 | P20: =+O20/$O$26 -> 0.2569964 | Q20: =+P20+Q19 -> 0.6410363
C21: Ayudante | D21: =+'Instalacion Cable'!H44 -> 3 | E21: HD | F21: 21000 | G21: $/HD | H21: =+D21*F21 -> 63000 | J21: =+C19 -> Maestro 1ra | K21: =+D19 -> 5 | L21: =+E19 -> HD | M21: =+F19 -> 30000 | N21: =+G19 -> $/HD | O21: =+H19 -> 150000 | P21: =+O21/$O$26 -> 0.14546966 | Q21: =+P21+Q22 -> 0.88348573
C22: Jornal | D22: 22 | E22: HD | F22: 18000 | G22: $/HD | H22: =+D22*F22 -> 396000 | J22: =+C20 -> Maestro 2da | K22: =+D20 -> 4 | L22: =+E20 -> HD | M22: =+F20 -> 25000 | N22: =+G20 -> $/HD | O22: =+H20 -> 100000 | P22: =+O22/$O$26 -> 0.096979773 | Q22: =+P22+Q20 -> 0.73801607
G23: Total MO | H23: =SUM(H19:H22) -> 709000 | J23: =+C21 -> Ayudante | K23: =+D21 -> 3 | L23: =+E21 -> HD | M23: =+F21 -> 21000 | N23: =+G21 -> $/HD | O23: =+H21 -> 63000 | P23: =+O23/$O$26 -> 0.061097257 | Q23: =+P23+Q21 -> 0.94458299
J24: =+C33 -> Compactador | K24: =+D33 -> 4 | L24: =+E33 -> día | M24: =+F33 -> 14285.714 | N24: =+G33 -> $/día | O24: =+H33 -> 57142.857 | P24: =+O24/$O$26 -> 0.055417013 | Q24: =+P24+Q23 -> 1
C25: Materiales
O26: =SUM(O19:O25) -> 1031142.9 | P26: =SUM(P19:P25) -> 1
C27: Cable | D27: =+'Instalacion Cable'!H45 -> 53 | E27: ml | F27: 5000 | G27: $/ml | H27: =+F27*D27 -> 265000
C29: Equipos
C31: Descripción | D31: Cantidad | F31: P/U | H31: P/T
C33: Compactador | D33: =+Relleno!I42 -> 4 | E33: día | F33: =+Relleno!G30 -> 14285.714 | G33: $/día | H33: =+F33*D33 -> 57142.857
G35: Total | H35: =+H33+H27+H23 -> 1031142.9

Sheet Analisis de Recursos
C2: Programa de Obra | H2: Semana 1 | M2: Semana 2 | R2: Semana 3
H3: 1 | I3: 2 | J3: 3 | K3: 4 | L3: 5 | M3: 6 | N3: 7 | O3: 8 | P3: 9 | Q3: 10 | R3: 11 | S3: 12 | T3: 13 | U3: 14 | V3: 15
C4: Ítem | D4: Descripción | E4: Unidad | F4: Cantidad | G4: Duración
C6: 1 | D6: Excavación | E6: m3 | F6: 24 | G6: =+Excavacion!H23 -> 6
C7: 2 | D7: Instalación Tubería | E7: ml | F7: 50 | G7: 3
C8: 3 | D8: Relleno | E8: m3 | F8: 24 | G8: 4
C9: 4 | D9: Limpieza y Entrega | E9: gl | F9: 1 | G9: 2
F10: Total | G10: =SUM(G6:G9) -> 15
C12: Distribución MO por Actividad | H12: Semana 1 | M12: Semana 2 | R12: Semana 3
H13: 1 | I13: 2 | J13: 3 | K13: 4 | L13: 5 | M13: 6 | N13: 7 | O13: 8 | P13: 9 | Q13: 10 | R13: 11 | S13: 12 | T13: 13 | U13: 14 | V13: 15
C14: Ítem | D14: Descripción | E14: Unidad | F14: Cantidad | G14: =+G4 -> Duración
C16: 1 | D16: Excavación | E16: HD | F16: =+Excavacion!H43 -> 12 | G16: =+G6 -> 6 | H16: =+F16/G16 -> 2 | I16: =+H16 -> 2 | J16: =+I16 -> 2 | K16: =+J16 -> 2 | L16: =+K16 -> 2 | M16: =+L16 -> 2
C17: 2 | D17: Instalación Tubería | E17: HD | F17: =+'Instalacion Cable'!H43+'Instalacion Cable'!H44 -> 6 | G17: =+G7 -> 3 | N17: =+F17/G17 -> 2 | O17: =+N17 -> 2 | P17: =+O17 -> 2
C18: 3 | D18: Relleno | E18: HD | F18: =+Relleno!I40+Relleno!I41 -> 12 | G18: =+G8 -> 4 | Q18: =+F18/G18 -> 3 | R18: =+Q18 -> 3 | S18: =+R18 -> 3 | T18: =+S18 -> 3
C19: 4 | D19: Prueba y Entrega | E19: HD | F19: 4 | G19: =+G9 -> 2 | U19: =+F19/2 -> 2 | V19: =+U19 -> 2
F20: Total | G20: =+G10 -> 15 | H20: =SUM(H16:H19) -> 2 | I20: =SUM(I16:I19) -> 2 | J20: =SUM(J16:J19) -> 2 | K20: =SUM(K16:K19) -> 2 | L20: =SUM(L16:L19) -> 2 | M20: =SUM(M16:M19) -> 2 | N20: =SUM(N16:N19) -> 2 | O20: =SUM(O16:O19) -> 2 | ... V20: =SUM(V16:V19) -> 2
C22: Distribución MO por Especialidad | H22: Semana 1 | M22: Semana 2 | R22: Semana 3
H23: 1 | I23: 2 | J23: 3 | K23: 4 | L23: 5 | M23: 6 | N23: 7 | O23: 8 | P23: 9 | Q23: 10 | R23: 11 | S23: 12 | T23: 13 | U23: 14 | V23: 15
C24: Ítem | D24: Descripción | E24: Unidad | F24: Cantidad
C26: 1 | D26: Maestro 1ra | E26: HD | F26: =SUM(H26:V26) -> 5 | N26: 1 | O26: 1 | P26: 1 | U26: 1 | V26: 1
C27: 2 | D27: Maestro 2da | E27: HD | F27: =SUM(H27:V27) -> 4 | Q27: 1 | R27: 1 | S27: 1 | T27: 1
C28: 3 | D28: Ayudante | E28: HD | F28: =SUM(H28:V28) -> 3 | N28: 1 | O28: 1 | P28: 1
C29: 4 | D29: Jornal | E29: HD | F29: =SUM(H29:V29) -> 22 | H29: 2 | I29: 2 | J29: 2 | K29: 2 | L29: 2 | M29: 2 | Q29: 2 | R29: 2 | S29: 2 | T29: 2 | U29: 1 | V29: 1
H30: =SUM(H26:H29) -> 2 | I30: =SUM(I26:I29) -> 2 | J30: =SUM(J26:J29) -> 2 | K30: =SUM(K26:K29) -> 2 | L30: =SUM(L26:L29) -> 2 | M30: =SUM(M26:M29) -> 2 | N30: =SUM(N26:N29) -> 2 | O30: =SUM(O26:O29) -> 2 | ... V30: =SUM(V26:V29) -> 2
C32: De acuerdo a la distribución de la Mano de Obra por especializadas se ven problemas:
D33: - Mala distribución
D34: - Contratos por pocos dias
D35: - entre otros
C37: Para un mejor manejo del recurso Mano de Obra, se considerara los siguiente:
D38: - Se reemplazara el Maestro de 2da. Por un Maestro de 1ra.
D39: - Se reemplazara el Ayudante por dos Jornales
C41: Análisis del recurso MO. Nueva Distribución | H41: Semana 1 | M41: Semana 2 | R41: Semana 3
H42: 1 | I42: 2 | J42: 3 | K42: 4 | L42: 5 | M42: 6 | N42: 7 | O42: 8 | P42: 9 | Q42: 10 | R42: 11 | S42: 12 | T42: 13 | U42: 14 | V42: 15
C43: Ítem | D43: Descripción | E43: Unidad | F43: Cantidad
C45: 1 | D45: Maestro 1ra | E45: HD | F45: =SUM(H45:V45) -> 9 | N45: 1 | O45: 1 | P45: 1 | Q45: 1 | R45: 1 | S45: 1 | T45: 1 | U45: 1 | V45: 1
C46: 2 | D46: Jornal | E46: HD | F46: =SUM(H46:V46) -> 28 | H46: 2 | I46: 2 | J46: 2 | K46: 2 | L46: 2 | M46: 2 | N46: 2 | O46: 2 | P46: 2 | Q46: 2 | R46: 2 | S46: 2 | T46: 2 | U46: 1 | V46: 1
F47: =SUM(H47:V47) -> 37 | H47: =SUM(H45:H46) -> 2 | I47: =SUM(I45:I46) -> 2 | J47: =SUM(J45:J46) -> 2 | K47: =SUM(K45:K46) -> 2 | L47: =SUM(L45:L46) -> 2 | M47: =SUM(M45:M46) -> 2 | N47: =SUM(N45:N46) -> 3 | O47: =SUM(O45:O46) -> 3 | ... V47: =SUM(V45:V46) -> 2
C49: La curva de MO varia en cantidad y en las especialidades.
C50: Esto no lleva a tener que variar los precios, pero no la duración

Sheet Correccion Precios
C2: Costos Instalación Cable corregido
C3: Por lo tanto:
D4: Mano de Obra
D5: Recurso | E5: Rendimiento | G5: Valor Insumo | I5: P/U
D6: Maestro 1ra. | E6: =+'Instalacion Cable'!E24 -> 0.06 | F6: HD/ml | G6: 30000 | H6: $/HD | I6: =+E6*G6 -> 1800 | J6: $/ml
D7: Jornal | E7: =+'Instalacion Cable'!E25*2 -> 0.12 | F7: =+F6 -> HD/ml | G7: =+Excavacion!G34 -> 18000 | H7: =+H6 -> $/HD | I7: =+E7*G7 -> 2160 | J7: =+J6 -> $/ml
H8: Total MO | I8: =+I7+I6 -> 3960 | J8: =+J7 -> $/ml
D10: Materiales
D11: En este caso debemos asegurarnos que en el precio quede incluido el 6% adicional de cable
D13: Recurso | E13: Rendimiento | G13: Perdida | H13: Valor Insumo | J13: P/U
D14: Cable elect. | E14: 1 | F14: ml/ml | G14: 1.06 | H14: 5000 | I14: $/ml | J14: =+E14*G14*H14 -> 5300 | K14: $/ml
H16: Precio Unit. Total | J16: =+J14+I8 -> 9260 | K16: $/ml
C18: Precio Total
D19: P/U | F19: Cantidad | H19: P/T
D20: =+J16 -> 9260 | E20: =+K16 -> $/ml | F20: 50 | H20: =+F20*D20 -> 463000 | I20: $
C22: Cantidad de Recursos incluido en Precio Total
D24: Rendimiento | F24: Cantidad | H24: Total Insumos
C25: =+D6 -> Maestro 1ra. | D25: =+E6 -> 0.06 | E25: =+F6 -> HD/ml | F25: 50 | G25: ml | H25: =+F25*D25 -> 3 | I25: HD
C26: =+D7 -> Jornal | D26: =+E7 -> 0.12 | E26: =+F7 -> HD/ml | F26: 50 | G26: ml | H26: =+F26*D26 -> 6 | I26: HD
C27: =+D14 -> Cable elect. | D27: =+E14*G14 -> 1.06 | E27: =+F14 -> ml/ml | F27: 50 | G27: ml | H27: =+F27*D27 -> 53 | I27: ml
C30: Costos Instalación Relleno corregido
C31: Mano de Obra
C32: Recurso | D32: Rendimiento | F32: Valor Insumo | H32: P/U
C33: =+C25 -> Maestro 1ra. | D33: =+Relleno!E40 -> 0.16666667 | E33: HD/m3 | F33: =+'Instalacion Cable'!G24 -> 30000 | G33: $/HD | H33: =+F33*D33 -> 5000 | I33: $/m3
C34: =+C26 -> Jornal | D34: =+Relleno!E41 -> 0.33333333 | E34: HD/m3 | F34: 18000 | G34: $/HD | H34: =+F34*D34 -> 6000 | I34: $/m3
G35: Total P/U | H35: =+H34+H33 -> 11000 | I35: $/m3
C37: Equipo
D38: El equipo de ocupara por 4 dias, por lo tanto:
C40: Recurso | D40: Rendimiento | F40: Valor Insumo | H40: P/U
C41: Compactador | D41: =+Relleno!E30 -> 0.16666667 | E41: día/m3 | F41: =100000/7 -> 14285.714 | G41: $/día | H41: =+F41*D41 -> 2380.9524 | I41: $/m3
G44: Total P/U | H44: =+H41+H35 -> 13380.952 | I44: $/m3
G46: Total P/T | H46: =+H44*24 -> 321142.86 | I46: =+I44 -> $/m3
C48: Cantidad de Recursos incluido en Precio Total
D50: Rendimiento | F50: Cantidad | H50: Total Insumos
C51: =+C33 -> Maestro 1ra. | D51: =+D33 -> 0.16666667 | E51: =+E33 -> HD/m3 | F51: 24 | G51: m3 | H51: =+F51*D51 -> 4 | I51: HD
C52: =+C34 -> Jornal | D52: =+D34 -> 0.33333333 | E52: =+E51 -> HD/m3 | F52: 24 | G52: m3 | H52: =+F52*D52 -> 8 | I52: HD
C53: =+C41 -> Compactador | D53: =+D41 -> 0.16666667 | E53: =+E41 -> día/m3 | F53: 24 | G53: m3 | H53: =+F53*D53 -> 4 | I53: dias

Sheet Presupuesto Final
C2: Obra: Instalación Cable electico
C4: Ítem | D4: Descripción | E4: Unidad | F4: Cantidad | G4: P/U | H4: P/T | I4: Duración (dias)
C6: 1 | D6: Excavación | E6: m3 | F6: 24 | G6: =+Excavacion!I34 -> 9000 | H6: =+F6*G6 -> 216000 | I6: =+Excavacion!H23 -> 6
C7: 2 | D7: Instalación Tubería | E7: ml | F7: 50 | G7: =+'Correccion Precios'!J16 -> 9260 | H7: =+F7*G7 -> 463000 | I7: 3
C8: 3 | D8: Relleno | E8: m3 | F8: 24 | G8: =+'Correccion Precios'!H44 -> 13380.952 | H8: =+F8*G8 -> 321142.86 | I8: 4
C9: 4 | D9: Prueba y Terminación | E9: Gl | F9: 1 | G9: =+'Presupuesto Inicial'!G9 -> 96000 | H9: =+F9*G9 -> 96000 | I9: 2
G10: Total | H10: =SUM(H6:H9) -> 1096142.9 | I10: =SUM(I6:I9) -> 15
C13: Consumo de Insumos | J13: Incidencia de Insumos
C15: Mano de Obra
C17: Descripción | D17: Cantidad | E17: Unidad | F17: P/U | H17: P/T | J17: Descripción | K17: Cantidad | L17: Unidad | M17: P/U | O17: P/T | P17: % Parcial | Q17: % Acum.
C19: Maestro 1ra | D19: =+'Analisis de Recursos'!F45 -> 9 | E19: HD | F19: 30000 | G19: $/HD | H19: =+D19*F19 -> 270000 | J19: =+C20 -> Jornal | K19: =+D20 -> 28 | L19: =+E20 -> HD | M19: =+F20 -> 18000 | N19: =+G20 -> $/HD | O19: =+K19*M19 -> 504000 | P19: =+O19/$O$24 -> 0.45979408 | Q19: =+P19 -> 0.45979408
C20: Jornal | D20: =+'Analisis de Recursos'!F46 -> 28 | E20: HD | F20: =+'Presupuesto Inicial'!F22 -> 18000 | G20: $/HD | H20: =+D20*F20 -> 504000 | J20: =+C19 -> Maestro 1ra | K20: =+D19 -> 9 | L20: =+E20 -> HD | M20: =+F19 -> 30000 | N20: =+N19 -> $/HD | O20: =+M20*K20 -> 270000 | P20: =+O20/$O$24 -> 0.24631826 | Q20: =+P20+Q19 -> 0.70611234
G21: Total MO | H21: =SUM(H19:H20) -> 774000 | J21: =+C25 -> Cable | K21: =+D25 -> 53 | L21: =+E25 -> ml | M21: =+F25 -> 5000 | N21: =+G25 -> $/ml | O21: =+M21*K21 -> 265000 | P21: =+O21/$O$24 -> 0.24175681 | Q21: =+P21+Q20 -> 0.94786915
J22: =+C31 -> Compactador | K22: =+D31 -> 4 | L22: =+E31 -> día | M22: =+F31 -> 14285.714 | N22: =+G31 -> $/día | O22: =+H31 -> 57142.857 | P22: =+O22/$O$24 -> 0.052130848 | Q22: =+P22+Q21 -> 1
C23: Materiales
O24: =SUM(O19:O23) -> 1096142.9 | P24: =SUM(P19:P23) -> 1
C25: Cable | D25: =+'Instalacion Cable'!H45 -> 53 | E25: ml | F25: 5000 | G25: $/ml | H25: =+F25*D25 -> 265000
C27: Equipos
C29: Descripción | D29: Cantidad | F29: P/U | H29: P/T
C31: Compactador | D31: =+Relleno!I42 -> 4 | E31: día | F31: =+Relleno!G30 -> 14285.714 | G31: $/día | H31: =+F31*D31 -> 57142.857
G33: Total | H33: =+H31+H25+H21 -> 1096142.9
